metric,value
real_r2,0.7285481859868845
mean_random_r2,-0.3885855165225658
std_random_r2,0.07036809370148314
max_random_r2,-0.2195270959702149
z_score,15.875571494782507
p_value,0.0
